{
	"Temperatures": [
		{
			"id": "Chocolate",
			"target": 14.0,
			"temperature": 15.2
		},
		{
			"id": "Vanilla",
			"target": 14.0,
			"temperature": 13.6
		},
		{
			"id": "Pistachio",
			"target": 14.5,
			"temperature": 14.0
		},
		{
			"id": "Caramel",
			"target": 6.8,
			"temperature": 7.2
		},
		{
			"id": "Coffee",
			"target": 8.5,
			"temperature": 9.5
		},
		{
			"id": "Hazelnut",
			"target": 8.8,
			"temperature": 9.5
		},
		{
			"id": "Walnut",
			"target": 8.8,
			"temperature": 9.5
		},
		{
			"id": "Coconut",
			"target": 9.5,
			"temperature": 10.0
		}
	]
}